Model,Accuracy_Baseline,Accuracy_Tuned,Accuracy_Change,Precision_Baseline,Precision_Tuned,Precision_Change,Recall_Baseline,Recall_Tuned,Recall_Change,F1 Score_Baseline,F1 Score_Tuned,F1 Score_Change
Decision Tree,0.9994103085835742,0.9994103085835742,0.0,0.999410272778936,0.999410272778936,0.0,0.9994103085835742,0.9994103085835742,0.0,0.9994102889593324,0.9994102889593324,0.0
Decision Tree,0.9994103085835742,0.9995204707163132,0.00011016213273906672,0.999410272778936,0.9984786141558036,-0.0009316586231323809,0.9994103085835742,0.998962189089148,-0.00044811949442613574,0.9994102889593324,0.998720343086394,-0.0006899458729383579
Random Forest,0.999261265698104,0.999261265698104,0.0,0.9992611958369704,0.9992611958369704,0.0,0.999261265698104,0.999261265698104,0.0,0.9992612263605662,0.9992612263605662,0.0
Random Forest,0.999261265698104,0.999377907956298,0.00011664225819396634,0.9992611958369704,0.9981671681018086,-0.0010940277351617622,0.999261265698104,0.9985124710277788,-0.0007487946703251813,0.9992612263605662,0.9983397897066962,-0.0009214366538700114
AdaBoost,0.9975829132051997,0.9975829132051997,0.0,0.9975838730956234,0.9975838730956234,0.0,0.9975829132051997,0.9975829132051997,0.0,0.9975786887979584,0.9975786887979584,0.0
AdaBoost,0.9975829132051997,0.998101323241618,0.000518410036418393,0.9975838730956234,0.999825321408608,0.002241448312984673,0.9975829132051997,0.9900370152558204,-0.00754589794937921,0.9975786887979584,0.9949070935669464,-0.002671595231012014
XGBoost,0.9996371129745072,0.9996371129745072,0.0,0.9996373315706694,0.9996373315706694,0.0,0.9996371129745072,0.9996371129745072,0.0,0.9996371757260186,0.9996371757260186,0.0
XGBoost,0.9996371129745072,0.9996371129745072,0.0,0.9996373315706694,0.998617400020739,-0.0010199315499304085,0.9996371129745072,0.9994465008475456,-0.0001906121269615868,0.9996371757260186,0.9990317784155746,-0.0006053973104440669
LightGBM,0.999663033476328,0.999663033476328,0.0,0.9996632669400756,0.9996632669400756,0.0,0.999663033476328,0.999663033476328,0.0,0.9996630962248692,0.9996630962248692,0.0
LightGBM,0.999663033476328,0.9996111924726864,-5.184100364163946e-05,0.9996632669400756,0.9986516853932584,-0.0010115815468171308,0.999663033476328,0.9992735323624036,-0.00038950111392443976,0.9996630962248692,0.9989625121040254,-0.000700584120843728
